DATE,16-19m,20-24m,25-34m,35-44m,45-54m,55-64m,65plusm
01/01/1948,245,338,264,204,182,213,95
01/02/1948,284,349,277,234,205,223,96
01/03/1948,315,415,275,249,190,182,99
01/04/1948,263,363,334,254,196,191,73
01/05/1948,196,350,294,234,179,162,79
01/06/1948,249,322,255,223,172,141,68
01/07/1948,269,283,253,233,177,158,58
01/08/1948,269,292,323,222,194,161,65
01/09/1948,248,293,290,246,254,147,73
01/10/1948,238,259,305,226,195,141,72
01/11/1948,245,265,330,226,223,198,82
01/12/1948,233,322,288,248,247,208,116
01/01/1949,260,356,376,274,252,270,112
01/02/1949,269,392,395,325,287,341,143
01/03/1949,337,433,456,334,290,328,141
01/04/1949,357,428,472,350,298,294,134
01/05/1949,374,529,549,413,359,293,129
01/06/1949,353,520,610,430,367,276,125
01/07/1949,362,586,593,442,372,343,128
01/08/1949,409,571,555,482,373,324,126
01/09/1949,366,509,582,507,367,319,124
01/10/1949,422,577,927,591,500,318,103
01/11/1949,387,514,580,513,397,300,114
01/12/1949,392,464,619,481,411,314,116
01/01/1950,427,515,593,360,414,411,160
01/02/1950,412,509,568,401,408,441,165
01/03/1950,353,498,576,431,384,416,139
01/04/1950,348,435,543,417,374,395,130
01/05/1950,358,396,516,395,331,290,108
01/06/1950,317,350,470,339,309,308,124
01/07/1950,272,342,462,313,326,249,101
01/08/1950,274,330,361,303,273,179,91
01/09/1950,285,353,339,307,270,158,99
01/10/1950,269,191,326,285,271,164,90
01/11/1950,225,262,314,262,239,181,99
01/12/1950,234,214,356,277,219,235,99
01/01/1951,203,180,273,247,190,279,135
01/02/1951,186,168,257,198,172,279,139
01/03/1951,178,153,236,182,176,190,133
01/04/1951,179,156,172,152,186,181,92
01/05/1951,161,140,198,160,179,144,78
01/06/1951,192,152,211,190,196,145,93
01/07/1951,211,156,236,181,189,144,46
01/08/1951,188,121,250,207,209,104,52
01/09/1951,189,144,260,184,240,98,66
01/10/1951,186,159,316,176,198,134,74
01/11/1951,228,185,255,236,199,118,72
01/12/1951,182,134,244,177,196,132,66
01/01/1952,228,151,250,189,195,196,62
01/02/1952,223,147,233,225,183,184,102
01/03/1952,208,125,202,193,214,180,88
01/04/1952,201,145,227,184,157,142,108
01/05/1952,206,140,195,175,182,136,74
01/06/1952,201,149,230,181,236,138,62
01/07/1952,204,159,262,218,201,166,58
01/08/1952,183,172,279,242,185,142,74
01/09/1952,219,242,288,159,151,114,78
01/10/1952,174,160,203,175,166,96,64
01/11/1952,204,123,229,176,161,118,50
01/12/1952,195,169,198,165,143,133,50
01/01/1953,158,132,279,215,202,212,90
01/02/1953,159,132,195,154,190,228,88
01/03/1953,176,139,157,178,160,182,82
01/04/1953,163,167,216,212,166,174,66
01/05/1953,153,115,252,190,204,138,36
01/06/1953,169,131,219,178,193,108,52
01/07/1953,178,99,190,210,173,178,54
01/08/1953,184,142,202,196,137,134,30
01/09/1953,176,160,216,182,213,127,50
01/10/1953,231,116,239,249,221,124,43
01/11/1953,219,197,321,254,229,194,55
01/12/1953,268,308,390,301,272,202,77
01/01/1954,276,294,399,327,325,287,105
01/02/1954,347,328,465,380,335,319,110
01/03/1954,340,342,526,401,359,322,134
01/04/1954,340,322,553,432,411,319,135
01/05/1954,347,340,602,470,391,279,108
01/06/1954,229,315,532,479,398,272,104
01/07/1954,323,323,545,446,391,269,109
01/08/1954,363,337,600,459,390,225,121
01/09/1954,356,361,559,594,399,243,84
01/10/1954,266,329,637,470,404,231,105
01/11/1954,295,353,494,400,361,251,119
01/12/1954,298,304,375,429,345,279,108
01/01/1955,294,299,390,391,305,359,153
01/02/1955,266,249,416,389,298,371,111
01/03/1955,254,254,445,366,302,323,114
01/04/1955,258,265,470,368,359,310,104
01/05/1955,264,256,304,356,284,244,87
01/06/1955,262,256,278,314,261,264,77
01/07/1955,269,289,272,268,268,235,58
01/08/1955,286,242,280,269,267,231,80
01/09/1955,283,223,310,300,192,187,84
01/10/1955,299,207,330,257,258,225,104
01/11/1955,291,202,301,287,295,217,113
01/12/1955,279,193,333,271,284,212,137
01/01/1956,266,218,341,273,272,294,110
01/02/1956,278,215,324,251,323,281,129
01/03/1956,237,237,349,278,322,259,92
01/04/1956,261,251,305,260,254,258,91
01/05/1956,299,259,339,286,256,222,104
01/06/1956,294,257,403,297,206,192,92
01/07/1956,273,240,388,294,233,185,83
01/08/1956,250,246,358,297,234,141,77
01/09/1956,229,221,371,276,241,162,61
01/10/1956,237,237,333,255,252,144,72
01/11/1956,332,239,346,290,282,205,88
01/12/1956,247,265,332,298,301,252,85
01/01/1957,307,247,319,296,296,263,94
01/02/1957,247,255,309,276,267,271,102
01/03/1957,303,206,271,272,248,270,98
01/04/1957,292,245,316,299,271,227,88
01/05/1957,274,262,317,242,267,228,78
01/06/1957,301,312,335,256,319,183,75
01/07/1957,299,247,359,267,292,174,78
01/08/1957,277,278,343,275,269,190,58
01/09/1957,294,302,375,322,313,178,72
01/10/1957,297,318,394,368,346,183,69
01/11/1957,391,391,432,398,382,218,85
01/12/1957,331,385,497,408,387,259,104
01/01/1958,358,429,591,447,386,326,109
01/02/1958,387,469,629,522,438,405,120
01/03/1958,411,481,680,538,500,418,138
01/04/1958,437,506,781,575,555,398,132
01/05/1958,441,519,764,614,531,372,110
01/06/1958,376,520,796,607,595,315,102
01/07/1958,443,557,760,640,572,332,109
01/08/1958,425,504,729,638,612,321,122
01/09/1958,491,479,667,568,507,291,121
01/10/1958,431,483,648,551,465,285,149
01/11/1958,429,394,599,499,412,346,134
01/12/1958,415,401,611,496,417,381,147
01/01/1959,406,390,571,432,433,396,146
01/02/1959,382,391,554,470,419,389,155
01/03/1959,362,361,507,404,386,373,127
01/04/1959,379,299,451,349,354,294,120
01/05/1959,372,264,459,351,316,267,112
01/06/1959,355,325,417,375,347,198,108
01/07/1959,404,312,405,371,374,245,104
01/08/1959,446,311,418,408,407,213,83
01/09/1959,425,372,498,433,410,206,89
01/10/1959,447,352,492,390,423,268,80
01/11/1959,406,372,530,519,429,290,113
01/12/1959,445,344,444,361,366,303,103
01/01/1960,399,343,431,398,367,357,107
01/02/1960,336,347,406,323,337,340,124
01/03/1960,442,367,481,375,372,347,118
01/04/1960,412,363,487,375,335,299,103
01/05/1960,403,344,401,406,374,250,78
01/06/1960,445,318,482,409,354,265,93
01/07/1960,426,357,517,403,375,264,82
01/08/1960,465,365,544,416,397,288,78
01/09/1960,408,365,499,435,428,243,75
01/10/1960,472,381,543,481,468,264,79
01/11/1960,446,428,595,502,426,284,97
01/12/1960,448,469,598,534,506,332,119
01/01/1961,497,459,593,526,500,431,128
01/02/1961,497,472,616,517,523,440,137
01/03/1961,486,471,601,531,485,452,138
01/04/1961,490,538,603,532,498,390,144
01/05/1961,449,485,647,581,519,362,132
01/06/1961,481,452,617,525,488,304,120
01/07/1961,479,458,619,503,488,380,111
01/08/1961,479,457,585,530,423,380,116
01/09/1961,477,422,539,500,449,331,110
01/10/1961,477,437,554,460,425,292,114
01/11/1961,455,402,540,431,424,343,101
01/12/1961,475,415,481,426,408,391,107
01/01/1962,440,388,454,416,357,404,113
01/02/1962,448,367,422,405,386,344,125
01/03/1962,420,374,455,404,391,348,108
01/04/1962,387,364,437,448,409,297,117
01/05/1962,410,378,427,390,392,275,114
01/06/1962,409,354,437,453,399,238,104
01/07/1962,369,378,446,423,378,257,62
01/08/1962,388,443,479,406,385,262,90
01/09/1962,418,352,479,386,373,246,87
01/10/1962,394,399,447,378,297,249,93
01/11/1962,456,394,432,381,388,317,113
01/12/1962,370,387,438,354,415,364,110
01/01/1963,432,399,470,386,429,382,110
01/02/1963,510,397,495,433,384,416,128
01/03/1963,493,403,446,414,380,355,132
01/04/1963,519,401,453,378,381,310,109
01/05/1963,557,381,465,373,375,252,117
01/06/1963,480,395,405,379,327,256,83
01/07/1963,524,404,387,395,338,248,71
01/08/1963,494,403,399,362,349,221,94
01/09/1963,512,411,410,299,334,209,71
01/10/1963,491,388,413,352,325,231,75
01/11/1963,526,374,520,407,327,268,91
01/12/1963,470,392,435,404,294,326,85
01/01/1964,496,416,405,340,358,372,85
01/02/1964,472,413,360,345,309,350,120
01/03/1964,509,367,349,353,337,325,116
01/04/1964,527,373,340,336,342,274,101
01/05/1964,487,356,338,322,315,228,83
01/06/1964,502,381,359,290,340,221,82
01/07/1964,441,383,299,298,339,212,74
01/08/1964,514,381,302,294,319,232,90
01/09/1964,482,403,308,308,282,244,75
01/10/1964,434,433,335,332,281,233,66
01/11/1964,502,352,337,314,280,216,66
01/12/1964,472,350,356,316,294,244,60
01/01/1965,471,367,322,320,294,294,72
01/02/1965,475,348,338,317,294,290,97
01/03/1965,446,325,299,307,274,274,101
01/04/1965,496,370,314,315,255,234,97
01/05/1965,485,337,287,377,258,183,69
01/06/1965,483,324,243,292,224,190,75
01/07/1965,509,293,301,264,233,183,72
01/08/1965,490,275,295,228,278,224,70
01/09/1965,462,281,295,244,220,186,58
01/10/1965,536,253,250,225,238,191,61
01/11/1965,423,260,260,238,215,194,71
01/12/1965,461,257,256,230,216,208,56
01/01/1966,444,213,281,247,198,263,58
01/02/1966,416,214,242,222,204,261,75
01/03/1966,441,254,277,202,184,232,74
01/04/1966,422,226,256,187,187,190,65
01/05/1966,444,231,221,197,181,183,51
01/06/1966,443,224,236,209,204,138,64
01/07/1966,437,173,264,213,202,161,76
01/08/1966,414,222,232,231,192,163,68
01/09/1966,432,200,216,190,211,134,62
01/10/1966,430,191,204,240,181,117,59
01/11/1966,408,228,195,279,183,144,61
01/12/1966,441,271,199,210,225,167,67
01/01/1967,406,229,218,182,200,229,64
01/02/1967,436,175,233,184,216,196,57
01/03/1967,399,221,234,177,217,193,63
01/04/1967,437,218,213,203,205,169,76
01/05/1967,462,242,224,170,206,160,56
01/06/1967,469,245,232,177,211,139,59
01/07/1967,450,242,233,172,179,140,48
01/08/1967,479,256,201,182,200,156,48
01/09/1967,439,235,188,193,192,111,41
01/10/1967,475,229,213,197,183,132,64
01/11/1967,481,267,214,187,183,161,68
01/12/1967,431,273,211,197,177,175,74
01/01/1968,396,251,219,205,177,197,73
01/02/1968,427,271,220,194,190,198,56
01/03/1968,429,281,206,196,161,156,74
01/04/1968,384,261,203,180,160,107,75
01/05/1968,397,257,195,160,140,117,65
01/06/1968,489,276,201,154,162,115,75
01/07/1968,458,236,204,163,159,123,57
01/08/1968,417,277,213,159,153,111,50
01/09/1968,396,243,195,157,169,115,46
01/10/1968,406,250,205,153,159,110,49
01/11/1968,413,245,187,167,172,115,56
01/12/1968,437,236,197,121,168,121,59
01/01/1969,433,256,187,146,176,149,57
01/02/1969,414,249,182,140,152,152,51
01/03/1969,440,246,191,138,155,140,55
01/04/1969,419,247,196,152,149,128,40
01/05/1969,408,252,195,166,151,95,37
01/06/1969,433,269,192,167,127,105,40
01/07/1969,487,277,203,161,165,110,49
01/08/1969,429,251,214,141,156,118,52
01/09/1969,471,314,234,180,150,112,45
01/10/1969,448,300,219,164,165,128,52
01/11/1969,451,287,240,153,160,123,49
01/12/1969,432,305,223,172,169,168,50
01/01/1970,478,333,293,189,180,175,63
01/02/1970,512,384,307,212,196,206,66
01/03/1970,508,369,307,226,211,225,82
01/04/1970,571,421,360,226,228,209,63
01/05/1970,573,429,368,240,233,202,61
01/06/1970,670,437,445,251,246,165,65
01/07/1970,601,512,400,265,303,167,66
01/08/1970,615,510,426,273,266,187,60
01/09/1970,653,594,390,276,278,185,57
01/10/1970,668,606,458,290,286,177,70
01/11/1970,657,620,492,308,299,216,89
01/12/1970,692,643,539,343,306,256,106
01/01/1971,695,620,501,310,311,328,102
01/02/1971,662,606,478,309,305,341,89
01/03/1971,668,609,506,290,312,293,85
01/04/1971,663,608,478,307,315,280,79
01/05/1971,689,660,489,317,304,237,68
01/06/1971,708,649,493,326,300,212,50
01/07/1971,723,629,545,329,304,191,58
01/08/1971,710,680,524,335,323,204,71
01/09/1971,665,653,540,347,327,176,57
01/10/1971,715,634,550,327,313,173,58
01/11/1971,695,681,566,332,298,203,73
01/12/1971,726,677,522,334,348,231,66
01/01/1972,736,672,500,314,281,278,72
01/02/1972,836,624,502,277,271,287,82
01/03/1972,777,689,436,312,258,304,72
01/04/1972,708,672,489,282,257,261,86
01/05/1972,695,607,495,295,292,231,66
01/06/1972,655,600,489,276,319,218,63
01/07/1972,614,647,448,300,296,195,53
01/08/1972,730,594,444,300,280,212,64
01/09/1972,709,599,458,276,258,174,77
01/10/1972,677,645,449,277,273,204,84
01/11/1972,703,598,419,271,249,151,80
01/12/1972,701,583,434,208,237,210,74
01/01/1973,579,537,433,223,245,212,60
01/02/1973,644,544,441,225,255,201,54
01/03/1973,634,525,452,237,243,202,41
01/04/1973,685,548,438,224,248,186,45
01/05/1973,670,537,469,210,218,171,49
01/06/1973,622,546,424,209,209,152,64
01/07/1973,641,516,434,187,190,152,67
01/08/1973,639,525,459,188,200,143,61
01/09/1973,664,523,443,188,167,137,64
01/10/1973,675,487,428,171,180,158,64
01/11/1973,705,508,396,193,209,167,62
01/12/1973,682,522,432,240,204,170,58
01/01/1974,679,573,460,231,225,215,67
01/02/1974,702,606,458,232,234,253,70
01/03/1974,698,561,478,212,245,193,56
01/04/1974,683,563,559,233,231,171,56
01/05/1974,711,601,483,224,213,144,54
01/06/1974,775,611,502,243,215,147,53
01/07/1974,753,614,509,249,238,159,49
01/08/1974,705,693,525,257,232,178,74
01/09/1974,843,687,516,300,262,154,57
01/10/1974,811,711,655,315,269,154,74
01/11/1974,856,794,676,339,307,172,69
01/12/1974,875,849,804,398,340,254,77
01/01/1975,948,934,867,455,450,321,93
01/02/1975,946,997,920,463,412,363,111
01/03/1975,951,1080,983,517,446,366,104
01/04/1975,989,1171,1024,545,463,340,113
01/05/1975,973,1168,1041,569,541,295,109
01/06/1975,1063,1073,1077,528,547,263,110
01/07/1975,1027,1140,1039,516,542,269,92
01/08/1975,1000,1102,965,511,552,266,87
01/09/1975,936,1173,1032,494,566,259,87
01/10/1975,940,1112,989,497,583,264,105
01/11/1975,898,1070,995,515,493,291,108
01/12/1975,923,1005,945,476,472,320,117
01/01/1976,981,973,894,439,417,320,117
01/02/1976,920,916,892,434,372,369,121
01/03/1976,919,922,840,394,400,380,122
01/04/1976,1009,921,864,412,403,334,80
01/05/1976,960,914,883,379,378,274,96
01/06/1976,881,963,931,430,413,283,98
01/07/1976,914,949,951,467,430,254,71
01/08/1976,923,932,920,448,395,272,84
01/09/1976,917,921,946,471,415,267,78
01/10/1976,951,996,939,442,394,249,86
01/11/1976,956,992,977,438,440,276,94
01/12/1976,934,1008,950,428,470,274,83
01/01/1977,874,906,917,403,407,298,124
01/02/1977,898,966,917,422,395,381,133
01/03/1977,908,897,882,414,355,330,121
01/04/1977,865,886,886,366,344,276,81
01/05/1977,882,877,870,385,331,233,97
01/06/1977,946,874,864,386,329,195,75
01/07/1977,869,862,888,371,277,199,80
01/08/1977,895,931,866,348,297,195,74
01/09/1977,877,856,819,315,249,210,86
01/10/1977,842,811,899,357,289,235,93
01/11/1977,852,811,805,354,262,227,99
01/12/1977,771,791,767,304,289,248,98
01/01/1978,802,854,766,309,287,238,97
01/02/1978,852,845,726,306,290,280,90
01/03/1978,851,829,728,337,285,248,100
01/04/1978,826,786,690,314,241,227,87
01/05/1978,769,684,679,336,291,189,97
01/06/1978,747,728,604,319,257,170,82
01/07/1978,812,745,634,302,266,180,83
01/08/1978,779,738,681,322,263,146,75
01/09/1978,808,734,656,295,312,160,73
01/10/1978,841,717,687,303,277,180,56
01/11/1978,818,739,671,283,264,174,55
01/12/1978,854,756,719,322,274,177,72
01/01/1979,839,719,693,328,273,220,72
01/02/1979,843,726,707,300,281,247,81
01/03/1979,839,719,726,298,275,225,88
01/04/1979,827,689,675,319,289,204,80
01/05/1979,796,699,636,288,246,181,68
01/06/1979,757,715,627,295,276,184,60
01/07/1979,789,764,665,315,266,214,53
01/08/1979,813,756,735,332,269,193,58
01/09/1979,841,776,668,377,269,159,72
01/10/1979,794,804,702,363,304,157,68
01/11/1979,794,729,789,387,270,187,46
01/12/1979,798,848,746,363,244,185,54
01/01/1980,823,907,852,384,276,273,75
01/02/1980,809,901,847,407,289,253,65
01/03/1980,785,915,969,406,313,259,45
01/04/1980,811,1050,1149,446,335,264,64
01/05/1980,961,1176,1221,521,360,248,59
01/06/1980,1008,1165,1243,525,376,245,60
01/07/1980,1008,1164,1317,573,412,249,67
01/08/1980,974,1185,1277,579,411,251,66
01/09/1980,931,1174,1375,533,388,231,50
01/10/1980,993,1186,1254,498,368,206,45
01/11/1980,963,1125,1200,461,431,213,58
01/12/1980,892,1050,1141,497,380,232,46
01/01/1981,1008,1103,1163,507,388,290,62
01/02/1981,1003,1101,1145,548,366,310,67
01/03/1981,962,1120,1128,554,366,289,56
01/04/1981,953,1120,1094,539,316,254,55
01/05/1981,958,1232,1169,478,368,254,49
01/06/1981,954,1121,1167,507,399,244,53
01/07/1981,881,1020,1128,489,396,251,48
01/08/1981,926,1121,1192,487,425,248,42
01/09/1981,920,1130,1209,536,381,230,42
01/10/1981,935,1181,1313,588,408,220,61
01/11/1981,1023,1224,1386,643,418,241,48
01/12/1981,1016,1261,1500,726,456,299,73
01/01/1982,1038,1284,1484,735,473,386,57
01/02/1982,1059,1317,1527,715,468,411,60
01/03/1982,1057,1357,1594,773,493,420,77
01/04/1982,1096,1369,1681,761,484,411,81
01/05/1982,1099,1331,1700,825,531,363,61
01/06/1982,1063,1371,1852,859,523,397,42
01/07/1982,1078,1392,1872,868,567,367,52
01/08/1982,1108,1418,1863,921,565,395,70
01/09/1982,1099,1484,2000,951,639,345,77
01/10/1982,1108,1509,2020,1025,640,374,85
01/11/1982,1145,1564,2010,1079,646,397,87
01/12/1982,1127,1544,2060,1098,615,454,79
01/01/1983,1061,1517,1924,1014,624,513,90
01/02/1983,1044,1523,1983,1011,678,523,93
01/03/1983,1079,1432,2050,982,642,537,74
01/04/1983,1037,1456,1951,1004,672,535,81
01/05/1983,1002,1432,1934,1035,662,437,73
01/06/1983,1073,1385,1871,986,617,405,70
01/07/1983,1023,1355,1772,965,593,387,64
01/08/1983,1072,1370,1787,930,613,375,71
01/09/1983,970,1287,1758,948,579,349,80
01/10/1983,936,1274,1634,881,562,359,50
01/11/1983,876,1184,1589,814,538,372,62
01/12/1983,864,1131,1495,769,547,402,65
01/01/1984,852,1137,1497,742,478,437,61
01/02/1984,823,1043,1455,744,471,420,52
01/03/1984,849,1044,1390,723,466,430,53
01/04/1984,820,1094,1370,775,452,375,55
01/05/1984,790,937,1300,745,466,320,68
01/06/1984,792,992,1247,742,395,326,39
01/07/1984,850,986,1330,742,416,332,36
01/08/1984,758,1060,1227,776,412,326,52
01/09/1984,808,1066,1172,757,449,318,56
01/10/1984,802,954,1222,721,437,313,56
01/11/1984,784,956,1256,650,454,322,60
01/12/1984,817,994,1296,631,484,348,44
01/01/1985,810,962,1282,711,483,360,71
01/02/1985,809,984,1251,697,458,352,55
01/03/1985,775,979,1218,709,463,329,67
01/04/1985,765,943,1313,727,499,325,50
01/05/1985,785,971,1209,677,395,297,41
01/06/1985,781,968,1246,780,456,317,51
01/07/1985,906,949,1222,712,470,308,58
01/08/1985,796,917,1250,678,481,270,39
01/09/1985,772,905,1284,687,456,275,47
01/10/1985,893,934,1233,665,476,277,64
01/11/1985,792,926,1214,705,437,277,67
01/12/1985,796,879,1204,731,432,296,50
01/01/1986,719,865,1161,723,437,336,54
01/02/1986,793,884,1272,818,424,359,68
01/03/1986,774,925,1266,754,451,354,71
01/04/1986,823,944,1293,717,449,312,48
01/05/1986,810,941,1332,754,468,260,51
01/06/1986,838,880,1303,784,471,271,67
01/07/1986,797,907,1386,753,460,265,52
01/08/1986,788,849,1233,777,432,275,52
01/09/1986,794,973,1320,762,431,282,57
01/10/1986,742,855,1355,797,415,303,70
01/11/1986,750,864,1337,793,434,288,63
01/12/1986,717,902,1289,742,412,306,43
01/01/1987,761,853,1353,755,411,308,42
01/02/1987,779,879,1245,721,466,276,59
01/03/1987,775,816,1210,727,462,303,65
01/04/1987,771,821,1184,684,453,292,48
01/05/1987,788,793,1183,694,432,289,38
01/06/1987,688,823,1181,660,454,250,34
01/07/1987,634,797,1127,721,433,225,45
01/08/1987,756,742,1120,667,415,217,56
01/09/1987,703,714,1053,666,423,218,43
01/10/1987,712,688,1107,701,412,229,45
01/11/1987,694,702,1089,625,384,258,58
01/12/1987,722,661,1112,627,360,228,52
01/01/1988,696,745,1065,612,367,321,60
01/02/1988,652,700,1029,639,392,289,51
01/03/1988,715,703,1084,635,350,293,52
01/04/1988,661,680,1006,621,326,252,35
01/05/1988,639,704,1043,670,335,257,46
01/06/1988,661,624,1051,565,351,204,58
01/07/1988,697,652,992,603,355,189,54
01/08/1988,679,676,1090,645,357,226,37
01/09/1988,693,624,1035,587,384,193,30
01/10/1988,685,682,1015,599,364,199,52
01/11/1988,594,654,1112,596,388,222,59
01/12/1988,636,647,968,625,417,233,56
01/01/1989,774,706,937,631,394,278,30
01/02/1989,693,625,950,619,353,272,74
01/03/1989,588,558,942,611,334,246,40
01/04/1989,650,611,1028,637,357,224,59
01/05/1989,657,596,962,586,296,225,35
01/06/1989,661,670,940,537,302,204,48
01/07/1989,560,659,930,600,339,197,41
01/08/1989,629,718,849,616,346,207,47
01/09/1989,638,717,1005,646,330,227,44
01/10/1989,675,682,968,617,385,202,55
01/11/1989,701,693,972,669,375,240,73
01/12/1989,669,696,947,621,373,280,51
01/01/1990,665,667,1025,639,393,295,60
01/02/1990,656,667,1020,622,358,284,73
01/03/1990,611,673,1011,626,372,277,56
01/04/1990,648,727,1019,644,416,243,61
01/05/1990,640,693,1026,654,392,210,66
01/06/1990,583,710,1003,677,389,213,33
01/07/1990,650,678,1117,710,381,218,49
01/08/1990,695,717,1172,728,392,207,78
01/09/1990,684,742,1156,773,383,242,50
01/10/1990,718,764,1160,783,448,256,62
01/11/1990,721,778,1188,871,534,280,63
01/12/1990,737,791,1273,858,516,264,54
01/01/1991,734,816,1235,848,504,321,52
01/02/1991,712,896,1330,938,560,352,76
01/03/1991,774,888,1422,978,528,362,70
01/04/1991,704,892,1380,1004,516,315,67
01/05/1991,793,852,1379,1018,542,314,65
01/06/1991,755,925,1374,1012,532,307,51
01/07/1991,765,948,1340,1007,557,288,63
01/08/1991,726,942,1345,1025,567,292,67
01/09/1991,752,970,1397,1012,577,250,67
01/10/1991,750,953,1409,1027,574,260,53
01/11/1991,765,899,1462,1041,575,276,76
01/12/1991,779,977,1466,1024,585,317,61
01/01/1992,777,957,1499,1097,635,392,85
01/02/1992,824,968,1487,1162,661,418,69
01/03/1992,821,957,1502,1080,662,427,62
01/04/1992,700,947,1551,1046,675,382,78
01/05/1992,790,1005,1606,1098,716,375,74
01/06/1992,923,948,1602,1115,727,406,82
01/07/1992,814,956,1494,1129,693,384,59
01/08/1992,821,919,1574,1142,697,367,62
01/09/1992,863,917,1573,1148,664,338,62
01/10/1992,728,921,1564,1158,654,350,67
01/11/1992,815,956,1505,1126,654,346,55
01/12/1992,801,929,1410,1116,660,356,46
01/01/1993,785,906,1390,1056,658,374,59
01/02/1993,784,914,1389,1074,658,401,50
01/03/1993,791,877,1407,1085,688,382,75
01/04/1993,797,892,1343,1067,682,344,45
01/05/1993,773,961,1340,1060,631,350,48
01/06/1993,815,882,1434,1082,635,295,59
01/07/1993,763,859,1351,1055,641,328,53
01/08/1993,765,849,1339,999,627,311,90
01/09/1993,728,828,1280,1023,637,335,75
01/10/1993,750,821,1272,1072,624,309,67
01/11/1993,753,785,1241,998,533,299,58
01/12/1993,720,764,1212,999,576,304,82
01/01/1994,812,843,1272,946,548,358,90
01/02/1994,758,802,1269,941,593,366,92
01/03/1994,740,818,1175,955,489,343,86
01/04/1994,787,799,1173,853,519,306,73
01/05/1994,776,764,1123,791,465,284,84
01/06/1994,731,751,1058,840,550,243,84
01/07/1994,751,778,1093,840,554,261,110
01/08/1994,728,795,1068,851,541,261,103
01/09/1994,737,714,1002,842,505,241,72
01/10/1994,706,720,1053,807,510,248,99
01/11/1994,624,719,974,767,512,243,91
01/12/1994,731,665,991,765,463,220,70
01/01/1995,684,683,1045,844,429,271,112
01/02/1995,770,611,927,796,448,264,82
01/03/1995,668,658,887,757,508,268,82
01/04/1995,730,651,965,845,472,272,91
01/05/1995,744,657,1048,865,460,248,91
01/06/1995,746,674,951,824,452,219,91
01/07/1995,762,662,950,813,460,234,84
01/08/1995,783,764,921,844,464,204,105
01/09/1995,756,709,1002,742,458,211,124
01/10/1995,765,672,839,800,463,189,96
01/11/1995,748,660,989,855,471,216,98
01/12/1995,770,686,1002,803,481,196,66
01/01/1996,747,688,1011,765,478,255,96
01/02/1996,715,737,960,772,504,250,85
01/03/1996,743,714,984,803,482,281,64
01/04/1996,744,703,958,859,511,194,76
01/05/1996,737,740,952,788,518,218,80
01/06/1996,698,692,927,743,461,214,82
01/07/1996,811,686,911,769,434,263,74
01/08/1996,722,575,809,767,469,202,86
01/09/1996,695,629,829,828,492,217,59
01/10/1996,747,609,812,758,493,174,79
01/11/1996,736,640,828,824,494,213,59
01/12/1996,704,640,776,757,472,201,66
01/01/1997,731,727,784,831,502,237,97
01/02/1997,717,616,811,823,460,247,82
01/03/1997,732,644,817,778,454,277,76
01/04/1997,719,638,823,803,441,234,40
01/05/1997,656,562,793,648,470,192,71
01/06/1997,767,591,789,734,476,213,60
01/07/1997,722,580,733,712,464,216,53
01/08/1997,726,610,784,676,440,193,82
01/09/1997,686,653,745,693,448,185,71
01/10/1997,674,668,673,692,490,190,59
01/11/1997,648,675,732,614,398,201,61
01/12/1997,552,656,741,698,436,219,76
01/01/1998,662,628,691,660,424,255,72
01/02/1998,685,625,705,577,427,225,72
01/03/1998,697,590,741,628,458,244,78
01/04/1998,584,547,652,567,445,184,67
01/05/1998,697,585,650,597,431,164,59
01/06/1998,679,584,682,631,447,173,49
01/07/1998,698,600,760,611,441,193,83
01/08/1998,669,619,695,628,398,169,61
01/09/1998,754,645,721,603,392,208,67
01/10/1998,726,528,727,616,380,174,73
01/11/1998,701,484,692,571,377,215,71
01/12/1998,675,533,673,608,399,210,71
01/01/1999,715,533,654,573,395,263,58
01/02/1999,611,548,664,612,455,259,69
01/03/1999,659,508,605,521,386,236,63
01/04/1999,634,565,638,562,386,203,54
01/05/1999,621,580,623,653,381,170,73
01/06/1999,615,607,628,612,367,171,70
01/07/1999,613,601,618,601,377,214,86
01/08/1999,572,562,664,588,399,187,79
01/09/1999,634,540,614,580,407,187,97
01/10/1999,628,590,646,520,411,182,73
01/11/1999,644,539,592,504,415,190,54
01/12/1999,657,581,528,529,449,177,63
01/01/2000,625,552,592,544,414,222,76
01/02/2000,641,549,636,605,390,221,106
01/03/2000,557,548,621,561,344,236,91
01/04/2000,596,541,571,538,352,179,82
01/05/2000,578,605,637,522,363,156,76
01/06/2000,610,510,573,597,400,138,61
01/07/2000,599,537,623,517,407,163,85
01/08/2000,656,515,565,540,457,192,66
01/09/2000,573,528,610,535,428,156,109
01/10/2000,550,555,604,549,417,187,78
01/11/2000,568,555,586,573,402,226,65
01/12/2000,611,559,606,583,415,195,95
01/01/2001,671,590,668,578,441,291,74
01/02/2001,641,633,633,601,460,289,63
01/03/2001,590,672,670,628,473,273,85
01/04/2001,615,651,712,668,503,245,49
01/05/2001,598,679,707,686,468,222,44
01/06/2001,630,710,742,665,496,211,57
01/07/2001,618,639,712,738,528,237,80
01/08/2001,666,721,807,729,574,260,64
01/09/2001,651,665,820,774,529,276,65
01/10/2001,708,739,827,853,674,281,94
01/11/2001,725,783,889,868,686,317,115
01/12/2001,712,800,951,852,658,359,103
01/01/2002,681,800,992,901,688,401,95
01/02/2002,676,812,969,838,695,444,90
01/03/2002,722,873,1022,855,694,390,70
01/04/2002,690,808,1052,892,724,379,85
01/05/2002,716,746,1009,881,760,351,95
01/06/2002,714,727,1094,825,777,348,85
01/07/2002,720,759,1020,920,722,338,90
01/08/2002,753,784,989,869,734,351,80
01/09/2002,717,784,986,884,710,342,97
01/10/2002,618,802,1003,973,686,325,98
01/11/2002,704,783,1081,995,725,374,69
01/12/2002,680,804,1066,935,788,426,95
01/01/2003,710,781,1097,951,744,475,123
01/02/2003,721,772,999,984,797,441,143
01/03/2003,714,723,1005,950,806,448,137
01/04/2003,704,866,1056,1025,792,439,94
01/05/2003,716,907,1073,1051,792,407,98
01/06/2003,731,899,1161,1090,744,449,117
01/07/2003,741,938,1144,1041,743,412,98
01/08/2003,614,822,1212,1020,762,376,107
01/09/2003,717,883,1176,966,752,361,98
01/10/2003,681,826,1156,968,768,354,78
01/11/2003,669,879,1094,951,781,378,109
01/12/2003,628,813,1051,884,677,399,87
01/01/2004,650,843,1029,866,704,405,101
01/02/2004,600,801,1051,878,656,421,97
01/03/2004,644,840,1031,895,680,409,128
01/04/2004,678,818,973,827,689,367,103
01/05/2004,669,828,1067,821,683,393,81
01/06/2004,639,833,852,899,695,382,107
01/07/2004,648,803,958,842,671,343,99
01/08/2004,658,786,949,843,692,344,118
01/09/2004,655,822,921,840,667,343,98
01/10/2004,729,816,912,783,683,355,108
01/11/2004,684,798,938,795,697,348,120
01/12/2004,750,727,1032,758,688,365,85
01/01/2005,653,827,868,752,667,435,121
01/02/2005,719,904,887,803,627,396,141
01/03/2005,733,789,904,734,613,398,116
01/04/2005,750,758,885,685,553,357,99
01/05/2005,711,727,841,756,607,290,77
01/06/2005,669,746,813,697,614,278,103
01/07/2005,659,712,814,661,646,294,102
01/08/2005,643,792,810,704,605,302,78
01/09/2005,601,793,902,661,656,297,101
01/10/2005,586,741,782,668,647,273,106
01/11/2005,696,744,804,713,636,291,105
01/12/2005,566,737,792,710,624,366,76
01/01/2006,584,720,767,624,594,370,119
01/02/2006,619,747,922,609,613,336,90
01/03/2006,637,684,796,697,612,309,93
01/04/2006,610,702,839,674,571,329,101
01/05/2006,601,727,825,637,636,332,57
01/06/2006,661,630,815,635,550,309,86
01/07/2006,648,705,864,628,585,321,84
01/08/2006,633,747,761,689,620,283,85
01/09/2006,649,683,715,640,523,266,63
01/10/2006,607,718,831,527,481,286,82
01/11/2006,596,724,808,654,484,295,95
01/12/2006,592,667,766,676,533,377,95
01/01/2007,584,704,921,669,549,427,127
01/02/2007,604,678,929,659,598,382,104
01/03/2007,586,664,783,635,582,400,116
01/04/2007,609,682,779,622,607,335,117
01/05/2007,619,679,787,579,588,365,82
01/06/2007,675,730,834,563,575,309,93
01/07/2007,594,734,787,679,604,331,135
01/08/2007,599,720,853,599,578,346,96
01/09/2007,645,804,861,606,572,336,90
01/10/2007,618,745,897,629,603,293,105
01/11/2007,657,734,892,630,596,308,115
01/12/2007,675,790,936,703,636,353,120
01/01/2008,748,778,947,697,641,408,145
01/02/2008,635,811,918,655,648,399,124
01/03/2008,607,823,979,709,667,379,169
01/04/2008,594,775,921,771,742,314,116
01/05/2008,775,882,972,773,705,342,135
01/06/2008,757,894,994,870,732,330,132
01/07/2008,850,936,1143,933,739,397,148
01/08/2008,694,955,1187,920,812,442,150
01/09/2008,733,995,1224,1035,910,441,180
01/10/2008,828,1052,1295,1043,900,515,123
01/11/2008,801,1038,1404,1028,1048,537,203
01/12/2008,773,1150,1560,1156,1166,604,217
01/01/2009,800,1134,1681,1290,1317,751,226
01/02/2009,859,1195,1840,1369,1380,770,266
01/03/2009,847,1314,1883,1475,1400,866,241
01/04/2009,853,1362,2051,1569,1431,817,226
01/05/2009,920,1384,2115,1695,1494,803,228
01/06/2009,879,1351,2041,1652,1623,866,233
01/07/2009,910,1322,2035,1641,1643,869,240
01/08/2009,930,1311,2104,1742,1673,819,251
01/09/2009,949,1338,2124,1730,1723,788,237
01/10/2009,938,1459,2073,1847,1683,839,231
01/11/2009,942,1415,2042,1705,1759,920,215
01/12/2009,941,1405,1960,1630,1677,967,293
01/01/2010,938,1503,2015,1651,1647,1059,303
01/02/2010,875,1435,2030,1727,1596,1065,284
01/03/2010,938,1436,2102,1619,1659,1043,268
01/04/2010,899,1595,2027,1581,1634,949,237
01/05/2010,852,1269,2088,1544,1570,927,222
01/06/2010,843,1384,2083,1474,1618,879,206
01/07/2010,859,1407,1939,1474,1562,922,274
01/08/2010,838,1332,1893,1452,1662,989,295
01/09/2010,821,1333,1943,1521,1568,914,246
01/10/2010,858,1315,1841,1461,1541,941,254
01/11/2010,806,1461,1994,1413,1704,955,263
01/12/2010,823,1320,1886,1411,1557,903,293
01/01/2011,843,1307,1802,1358,1441,1036,274
01/02/2011,766,1320,1779,1333,1382,1022,242
01/03/2011,781,1321,1749,1308,1450,942,273
01/04/2011,802,1313,1852,1299,1436,861,255
01/05/2011,755,1274,1831,1305,1438,811,268
01/06/2011,771,1207,1863,1421,1414,896,279
01/07/2011,762,1222,1866,1296,1414,939,250
01/08/2011,805,1289,1775,1418,1341,832,253
01/09/2011,792,1265,1771,1340,1365,779,267
01/10/2011,785,1212,1830,1317,1321,866,245
01/11/2011,782,1321,1689,1243,1220,820,262
01/12/2011,805,1255,1717,1172,1179,778,259
01/01/2012,741,1173,1603,1125,1152,873,258
01/02/2012,776,1274,1543,1125,1166,819,254
01/03/2012,764,1123,1601,1161,1136,919,262
01/04/2012,833,1166,1476,1147,1132,812,239
01/05/2012,799,1144,1434,1137,1187,861,279
01/06/2012,768,1215,1426,1246,1185,752,314
01/07/2012,788,1201,1406,1149,1213,809,305
01/08/2012,831,1196,1462,1118,1169,756,250
01/09/2012,792,1094,1427,1084,1118,750,278
01/10/2012,804,1128,1466,1059,1116,746,240
01/11/2012,792,1086,1394,1072,1092,814,261
01/12/2012,768,1120,1406,1070,1038,826,275
01/01/2013,791,1287,1410,1084,1086,901,322
01/02/2013,800,1073,1407,1034,1025,881,271
01/03/2013,714,1173,1344,1005,1009,784,301
01/04/2013,776,1174,1403,1029,1106,714,259
01/05/2013,810,1201,1305,1042,1128,715,255
01/06/2013,790,1219,1371,1019,1090,670,228
01/07/2013,791,1122,1401,1014,1024,761,224
01/08/2013,726,1191,1520,981,996,668,229
01/09/2013,736,1206,1440,1005,1042,690,223
01/10/2013,724,1110,1321,1001,1072,712,221
01/11/2013,655,1001,1354,1047,1011,684,225
01/12/2013,603,925,1294,921,883,707,239
01/01/2014,626,1041,1275,870,928,694,222
01/02/2014,654,1094,1286,893,938,718,185
01/03/2014,669,1093,1199,873,878,706,207
01/04/2014,606,999,1218,839,796,582,238
01/05/2014,575,992,1234,867,777,547,236
01/06/2014,614,966,1227,783,735,616,214
01/07/2014,636,1020,1198,839,672,571,206
01/08/2014,597,971,1217,861,733,539,208
01/09/2014,628,1054,1086,696,717,510,165
01/10/2014,576,824,1088,725,673,552,177
01/11/2014,504,947,1104,749,754,592,253
01/12/2014,560,917,1048,737,716,568,210
01/01/2015,594,914,1097,770,709,625,218
01/02/2015,512,879,1050,743,710,675,229
01/03/2015,572,900,1078,713,659,626,185
01/04/2015,536,858,1010,717,724,554,209
01/05/2015,615,928,1056,750,664,512,174
01/06/2015,560,871,1003,720,603,498,154
01/07/2015,502,846,1022,672,628,521,138
01/08/2015,499,813,948,612,639,500,184
01/09/2015,487,827,984,643,584,488,212
01/10/2015,471,826,1015,666,642,439,159
01/11/2015,504,910,1051,655,587,498,182
01/12/2015,515,803,1038,665,613,495,162
01/01/2016,512,678,931,603,591,586,200
01/02/2016,495,738,937,622,579,649,199
01/03/2016,512,721,940,608,628,632,188
01/04/2016,488,772,1013,649,629,531,178
01/05/2016,473,701,976,600,575,504,150
01/06/2016,516,725,982,636,600,481,192
01/07/2016,475,801,972,623,649,518,213
01/08/2016,543,752,961,671,609,469,188
01/09/2016,509,734,1009,725,611,492,211
01/10/2016,537,791,988,667,591,491,214
01/11/2016,558,740,972,635,598,492,174
01/12/2016,520,745,910,681,561,496,214
01/01/2017,476,728,944,669,544,524,177
01/02/2017,477,745,941,667,507,485,238
01/03/2017,449,648,908,648,528,515,202
01/04/2017,508,681,831,606,511,438,172
01/05/2017,445,613,895,537,547,358,160
01/06/2017,396,637,866,564,593,372,168
01/07/2017,398,634,875,623,579,402,150
01/08/2017,422,625,954,580,619,423,175
01/09/2017,453,700,852,520,540,429,149
01/10/2017,477,663,858,513,500,420,189
01/11/2017,538,697,833,506,483,479,171
01/12/2017,441,633,848,466,489,498,192
01/01/2018,436,636,755,529,551,526,201
01/02/2018,492,589,769,481,473,605,180
01/03/2018,449,563,785,530,488,517,162
01/04/2018,466,619,904,491,479,465,161
01/05/2018,454,593,746,486,499,363,181
01/06/2018,389,628,744,533,542,385,206
01/07/2018,414,558,687,466,498,355,224
01/08/2018,403,577,825,488,429,386,182
01/09/2018,373,591,726,554,470,354,181
01/10/2018,376,593,772,569,476,362,139
01/11/2018,380,591,690,537,455,420,163
01/12/2018,425,617,750,510,521,483,148
01/01/2019,425,658,767,506,487,535,220
01/02/2019,442,573,738,457,500,468,187
01/03/2019,401,667,720,500,497,416,194
01/04/2019,451,608,724,498,486,343,172
01/05/2019,382,649,669,468,462,327,134
01/06/2019,357,558,712,439,503,341,168
01/07/2019,381,569,737,483,494,324,163
01/08/2019,396,612,763,479,506,290,169
01/09/2019,409,573,778,450,481,284,143
01/10/2019,414,609,770,463,440,331,141
01/11/2019,417,585,774,491,379,353,188
01/12/2019,416,567,739,463,417,315,157
01/01/2020,417,512,778,462,403,431,196
01/02/2020,352,491,757,496,406,461,210
01/03/2020,425,667,842,595,520,517,263
01/04/2020,759,1592,2709,1868,1894,1582,815
01/05/2020,796,1567,2491,1690,1550,1377,604
01/06/2020,604,1340,2266,1593,1297,1201,553
01/07/2020,590,1267,2240,1418,1132,1115,472
01/08/2020,500,1059,1898,1161,969,995,446
01/09/2020,501,966,1694,1115,1012,876,341
01/10/2020,466,903,1517,1045,1012,740,254
01/11/2020,444,904,1491,1028,914,826,336
01/12/2020,455,922,1291,1049,827,867,323
01/01/2021,466,754,1356,1066,788,848,313
01/02/2021,493,761,1287,1032,759,894,316
01/03/2021,452,823,1299,939,749,683,292
01/04/2021,409,883,1313,843,875,767,262
01/05/2021,306,826,1207,968,838,596,281
01/06/2021,275,769,1372,937,786,643,313
01/07/2021,311,778,1231,867,680,577,293
01/08/2021,359,727,1159,837,703,529,250
01/09/2021,377,706,1120,767,614,486,185
